{"graph": {"_type": "graph-file", "sha256": "d09943424b7b04008adad1e598d1d3f43db17d8be486d3d7750bfe5e98f8938d", "size": 5065, "path": "media/graph/graph_summary_d09943424b7b04008ada.graph.json"}, "epoch": 18, "_timestamp": 1660505263, "_runtime": 979, "loss": 0.5603131055831909, "accuracy": 0.8071346879005432, "val_loss": 0.489303857088089, "val_accuracy": 0.8316956162452698, "_step": 18, "best_val_loss": 0.489303857088089, "best_epoch": 18, "_wandb": {"runtime": 1009}}