{"graph": {"_type": "graph-file", "sha256": "d09943424b7b04008adad1e598d1d3f43db17d8be486d3d7750bfe5e98f8938d", "size": 5065, "path": "media/graph/graph_summary_d09943424b7b04008ada.graph.json"}, "epoch": 31, "_timestamp": 1660474293, "_runtime": 1458, "loss": 0.5093178749084473, "accuracy": 0.8255294561386108, "val_loss": 0.5594645142555237, "val_accuracy": 0.8179265260696411, "_step": 31, "best_val_loss": 0.503741443157196, "best_epoch": 30}