{"graph": {"_type": "graph-file", "sha256": "1e7cf857e3350906107c55e05beaac78fb6cbfb129415c10a60b388841bce3c1", "size": 5214, "path": "media/graph/graph_summary_1e7cf857e3350906107c.graph.json"}, "epoch": 100, "_timestamp": 1660563294, "_runtime": 5609, "loss": 0.31560078263282776, "accuracy": 0.8894750475883484, "val_loss": 0.4088898003101349, "val_accuracy": 0.8728000521659851, "_step": 100, "best_val_loss": 0.3418753743171692, "best_epoch": 83, "_wandb": {"runtime": 5602}}