{"graph": {"_type": "graph-file", "sha256": "d09943424b7b04008adad1e598d1d3f43db17d8be486d3d7750bfe5e98f8938d", "size": 5065, "path": "media/graph/graph_summary_d09943424b7b04008ada.graph.json"}, "epoch": 115, "_timestamp": 1660513427, "_runtime": 5873, "loss": 0.3075849413871765, "accuracy": 0.8931533694267273, "val_loss": 0.4561287462711334, "val_accuracy": 0.8578952550888062, "_step": 115, "best_val_loss": 0.3642829656600952, "best_epoch": 90, "_wandb": {"runtime": 5895}}