{"graph": {"_type": "graph-file", "sha256": "990c090b9d9316fff3994d5047beb04ef3f517d9fff42f08bed3e2487b3f7a0b", "size": 5241, "path": "media/graph/graph_summary_990c090b9d9316fff399.graph.json"}, "epoch": 179, "_timestamp": 1660596993, "_runtime": 10058, "loss": 0.21514888107776642, "accuracy": 0.9232250452041626, "val_loss": 0.3482644855976105, "val_accuracy": 0.8951000571250916, "_step": 179, "best_val_loss": 0.32411402463912964, "best_epoch": 144}