{"graph": {"_type": "graph-file", "sha256": "d09943424b7b04008adad1e598d1d3f43db17d8be486d3d7750bfe5e98f8938d", "size": 5065, "path": "media/graph/graph_summary_d09943424b7b04008ada.graph.json"}, "epoch": 0, "_timestamp": 1660504228, "_runtime": 37, "loss": 2.586472272872925, "accuracy": 0.23965764045715332, "val_loss": 2.5038411617279053, "val_accuracy": 0.16216106712818146, "_step": 0, "best_val_loss": 2.5038411617279053, "best_epoch": 0}