{"graph": {"_type": "graph-file", "sha256": "0bef5e9f23f1c17cdd31b4598d5acd68160f85b3d20e0b7213f04f706997fd5d", "size": 5230, "path": "media/graph/graph_summary_0bef5e9f23f1c17cdd31.graph.json"}, "epoch": 103, "_timestamp": 1660571862, "_runtime": 5710, "loss": 0.29926833510398865, "accuracy": 0.8965000510215759, "val_loss": 0.44209280610084534, "val_accuracy": 0.8612000346183777, "_step": 103, "best_val_loss": 0.34405040740966797, "best_epoch": 78, "_wandb": {"runtime": 5981}}