{"graph": {"_type": "graph-file", "sha256": "62efc53e17bfc121305062164774eda6d2a24574341d45da37887ec408faadc9", "size": 5159, "path": "media/graph/graph_summary_62efc53e17bfc1213050.graph.json"}, "epoch": 31, "_timestamp": 1660506939, "_runtime": 1617, "loss": 0.4762862026691437, "accuracy": 0.8373037576675415, "val_loss": 0.5788583755493164, "val_accuracy": 0.8170161843299866, "_step": 31, "best_val_loss": 0.4718169569969177, "best_epoch": 25}