{"graph": {"_type": "graph-file", "sha256": "e11d679a120bd2de62f41622c6523590811f33b57a641050db12aa3c0380b58a", "size": 5234, "path": "media/graph/graph_summary_e11d679a120bd2de62f4.graph.json"}, "epoch": 100, "_timestamp": 1660577754, "_runtime": 5611, "loss": 0.27244889736175537, "accuracy": 0.9044250249862671, "val_loss": 0.3759201169013977, "val_accuracy": 0.8824000358581543, "_step": 100, "best_val_loss": 0.34124112129211426, "best_epoch": 78, "_wandb": {"runtime": 5613}}