{"graph": {"_type": "graph-file", "sha256": "8e9387ba1b8efbd51b5c05e9ff0a3bf5c697c6aa5c530626361a833560a01bb8", "size": 5404, "path": "media/graph/graph_summary_8e9387ba1b8efbd51b5c.graph.json"}, "epoch": 180, "_timestamp": 1660649512, "_runtime": 9868, "loss": 0.20509807765483856, "accuracy": 0.9259500503540039, "val_loss": 0.35951030254364014, "val_accuracy": 0.8934000134468079, "_step": 180, "best_val_loss": 0.3123215138912201, "best_epoch": 153}