{"graph": {"_type": "graph-file", "sha256": "97b2378fd9bb6b0fc94296a0a0575076b2c2cc9b0145c776b4805c69b11a7ba6", "size": 5237, "path": "media/graph/graph_summary_97b2378fd9bb6b0fc942.graph.json"}, "epoch": 145, "_timestamp": 1660586885, "_runtime": 8313, "loss": 0.23807789385318756, "accuracy": 0.9180500507354736, "val_loss": 0.3902423083782196, "val_accuracy": 0.8785000443458557, "_step": 145, "best_val_loss": 0.31928515434265137, "best_epoch": 107, "_wandb": {"runtime": 8352}}